source,started_at,finished_at,status,rows,message
forexfactory,2026-09-16T17:44:23+00:00,2026-09-16T17:44:24+00:00,ok,3,"원본 105건 저장, 3건 지표 매핑"
forexfactory_html,2026-09-16T17:44:24+00:00,2026-09-16T17:44:24+00:00,ok,1,"http 경로, 원본 105건 · 매핑 3건 · 매핑 실제값 1건 · 페이지 전체 지난 이벤트 61건 중 실제값 53건"
fred,2026-09-16T17:44:24+00:00,2026-09-16T17:44:44+00:00,ok,22911,"17/17 계열, 관측치 22911건, 개정 감지 5건"
ecos,2026-09-16T17:44:44+00:00,2026-09-16T17:44:45+00:00,ok,31,"관측치 31건(20260816~20260917), 누적 9754건, 금리 변경 1회"
cds,2026-09-16T17:44:45+00:00,2026-09-16T17:44:53+00:00,ok,8386,"2/2 국가 수집, 8386건"
forexfactory,2026-09-17T06:39:46+00:00,2026-09-17T06:39:46+00:00,ok,3,"원본 105건 저장, 3건 지표 매핑"
forexfactory_html,2026-09-17T06:39:46+00:00,2026-09-17T06:39:46+00:00,ok,1,"http 경로, 원본 105건 · 매핑 3건 · 매핑 실제값 1건 · 페이지 전체 지난 이벤트 67건 중 실제값 56건"
fred,2026-09-17T06:39:46+00:00,2026-09-17T06:40:05+00:00,ok,22912,"17/17 계열, 관측치 22912건, 개정 감지 0건"
ecos,2026-09-17T06:40:05+00:00,2026-09-17T06:40:06+00:00,ok,31,"관측치 31건(20260816~20260917), 누적 9754건, 금리 변경 1회"
cds,2026-09-17T06:40:06+00:00,2026-09-17T06:40:39+00:00,ok,8387,"2/2 국가 수집, 8387건"
forexfactory,2026-09-17T17:44:39+00:00,2026-09-17T17:44:39+00:00,ok,3,"원본 105건 저장, 3건 지표 매핑"
forexfactory_html,2026-09-17T17:44:39+00:00,2026-09-17T17:44:39+00:00,ok,1,"http 경로, 원본 105건 · 매핑 3건 · 매핑 실제값 1건 · 페이지 전체 지난 이벤트 84건 중 실제값 71건"
fred,2026-09-17T17:44:39+00:00,2026-09-17T17:44:59+00:00,ok,22914,"17/17 계열, 관측치 22914건, 개정 감지 0건"
ecos,2026-09-17T17:44:59+00:00,2026-09-17T17:45:00+00:00,ok,31,"관측치 31건(20260816~20260918), 누적 9754건, 금리 변경 1회"
cds,2026-09-17T17:45:00+00:00,2026-09-17T17:45:34+00:00,ok,8388,"2/2 국가 수집, 8388건"
forexfactory,2026-09-18T06:40:36+00:00,2026-09-18T06:40:36+00:00,ok,3,"원본 105건 저장, 3건 지표 매핑"
forexfactory_html,2026-09-18T06:40:36+00:00,2026-09-18T06:40:36+00:00,ok,0,"http 경로, 원본 104건 · 매핑 3건 · 매핑 실제값 0건 · 페이지 전체 지난 이벤트 94건 중 실제값 78건"
fred,2026-09-18T06:40:36+00:00,2026-09-18T06:40:54+00:00,ok,22915,"17/17 계열, 관측치 22915건, 개정 감지 0건"
ecos,2026-09-18T06:40:54+00:00,2026-09-18T06:40:55+00:00,ok,32,"관측치 32건(20260816~20260918), 누적 9755건, 금리 변경 1회"
cds,2026-09-18T06:40:55+00:00,2026-09-18T06:41:04+00:00,ok,8388,"2/2 국가 수집, 8388건"
forexfactory,2026-09-18T17:11:42+00:00,2026-09-18T17:11:43+00:00,ok,3,"원본 104건 저장, 3건 지표 매핑"
forexfactory_html,2026-09-18T17:11:43+00:00,2026-09-18T17:11:43+00:00,ok,0,"http 경로, 원본 104건 · 매핑 3건 · 매핑 실제값 0건 · 페이지 전체 지난 이벤트 103건 중 실제값 82건"
fred,2026-09-18T17:11:43+00:00,2026-09-18T17:12:06+00:00,ok,22916,"17/17 계열, 관측치 22916건, 개정 감지 0건"
ecos,2026-09-18T17:12:06+00:00,2026-09-18T17:12:06+00:00,ok,31,"관측치 31건(20260817~20260919), 누적 9755건, 금리 변경 1회"
cds,2026-09-18T17:12:06+00:00,2026-09-18T17:12:16+00:00,ok,8390,"2/2 국가 수집, 8390건"
forexfactory,2026-09-19T06:38:36+00:00,2026-09-19T06:38:36+00:00,ok,3,"원본 105건 저장, 3건 지표 매핑"
forexfactory_html,2026-09-19T06:38:36+00:00,2026-09-19T06:38:36+00:00,ok,0,"http 경로, 원본 105건 · 매핑 3건 · 매핑 실제값 0건 · 페이지 전체 지난 이벤트 104건 중 실제값 83건"
fred,2026-09-19T06:38:36+00:00,2026-09-19T06:38:53+00:00,ok,22917,"17/17 계열, 관측치 22917건, 개정 감지 0건"
ecos,2026-09-19T06:38:53+00:00,2026-09-19T06:38:54+00:00,ok,32,"관측치 32건(20260817~20260919), 누적 9756건, 금리 변경 1회"
cds,2026-09-19T06:38:54+00:00,2026-09-19T06:39:26+00:00,ok,8390,"2/2 국가 수집, 8390건"
forexfactory,2026-09-19T16:47:49+00:00,2026-09-19T16:47:50+00:00,ok,3,"원본 105건 저장, 3건 지표 매핑"
forexfactory_html,2026-09-19T16:47:50+00:00,2026-09-19T16:47:50+00:00,ok,0,"http 경로, 원본 105건 · 매핑 3건 · 매핑 실제값 0건 · 페이지 전체 지난 이벤트 105건 중 실제값 83건"
fred,2026-09-19T16:47:50+00:00,2026-09-19T16:48:10+00:00,ok,22918,"17/17 계열, 관측치 22918건, 개정 감지 0건"
ecos,2026-09-19T16:48:10+00:00,2026-09-19T16:48:11+00:00,ok,31,"관측치 31건(20260818~20260920), 누적 9756건, 금리 변경 1회"
cds,2026-09-19T16:48:11+00:00,2026-09-19T16:48:43+00:00,ok,8391,"2/2 국가 수집, 8391건"
forexfactory,2026-09-20T07:02:36+00:00,2026-09-20T07:02:36+00:00,ok,2,"원본 75건 저장, 2건 지표 매핑 | ⚠ ff_title 확인 필요 — 'ISM Manufacturing PMI' 은 못 찾았지만 피드에 비슷한 제목이 있음: 'Flash Manufacturing PMI' | ⚠ ff_title 확인 필요 — 'ISM Services PMI' 은 못 찾았지만 피드에 비슷한 제목이 있음: 'Flash Services PMI'"
forexfactory_html,2026-09-20T07:02:36+00:00,2026-09-20T07:02:36+00:00,ok,0,"http 경로, 원본 75건 · 매핑 2건 · 매핑 실제값 0건 · 페이지 전체 아직 발표된 이벤트 없음"
fred,2026-09-20T07:02:36+00:00,2026-09-20T07:02:57+00:00,ok,22918,"17/17 계열, 관측치 22918건, 개정 감지 0건"
ecos,2026-09-20T07:02:57+00:00,2026-09-20T07:02:58+00:00,ok,32,"관측치 32건(20260818~20260920), 누적 9757건, 금리 변경 1회"
cds,2026-09-20T07:02:58+00:00,2026-09-20T07:03:07+00:00,ok,8391,"2/2 국가 수집, 8391건"
forexfactory,2026-09-20T16:58:14+00:00,2026-09-20T16:58:14+00:00,ok,2,"원본 75건 저장, 2건 지표 매핑 | ⚠ ff_title 확인 필요 — 'ISM Manufacturing PMI' 은 못 찾았지만 피드에 비슷한 제목이 있음: 'Flash Manufacturing PMI' | ⚠ ff_title 확인 필요 — 'ISM Services PMI' 은 못 찾았지만 피드에 비슷한 제목이 있음: 'Flash Services PMI'"
forexfactory_html,2026-09-20T16:58:14+00:00,2026-09-20T16:58:15+00:00,ok,0,"http 경로, 원본 75건 · 매핑 2건 · 매핑 실제값 0건 · 페이지 전체 아직 발표된 이벤트 없음"
fred,2026-09-20T16:58:15+00:00,2026-09-20T16:58:36+00:00,ok,22919,"17/17 계열, 관측치 22919건, 개정 감지 0건"
ecos,2026-09-20T16:58:36+00:00,2026-09-20T16:58:37+00:00,ok,31,"관측치 31건(20260819~20260921), 누적 9757건, 금리 변경 1회"
cds,2026-09-20T16:58:37+00:00,2026-09-20T16:58:47+00:00,ok,8391,"2/2 국가 수집, 8391건"
forexfactory,2026-09-21T07:11:28+00:00,2026-09-21T07:11:29+00:00,ok,2,"원본 75건 저장, 2건 지표 매핑 | ⚠ ff_title 확인 필요 — 'ISM Manufacturing PMI' 은 못 찾았지만 피드에 비슷한 제목이 있음: 'Flash Manufacturing PMI' | ⚠ ff_title 확인 필요 — 'ISM Services PMI' 은 못 찾았지만 피드에 비슷한 제목이 있음: 'Flash Services PMI'"
forexfactory_html,2026-09-21T07:11:29+00:00,2026-09-21T07:11:29+00:00,ok,0,"http 경로, 원본 75건 · 매핑 2건 · 매핑 실제값 0건 · 페이지 전체 지난 이벤트 3건 중 실제값 2건"
fred,2026-09-21T07:11:29+00:00,2026-09-21T07:11:48+00:00,ok,22919,"17/17 계열, 관측치 22919건, 개정 감지 0건"
ecos,2026-09-21T07:11:48+00:00,2026-09-21T07:11:49+00:00,ok,32,"관측치 32건(20260819~20260921), 누적 9758건, 금리 변경 1회"
cds,2026-09-21T07:11:49+00:00,2026-09-21T07:12:20+00:00,ok,8393,"2/2 국가 수집, 8393건"
forexfactory,2026-09-21T18:54:03+00:00,2026-09-21T18:54:03+00:00,ok,2,"원본 76건 저장, 2건 지표 매핑 | ⚠ ff_title 확인 필요 — 'ISM Manufacturing PMI' 은 못 찾았지만 피드에 비슷한 제목이 있음: 'Flash Manufacturing PMI' | ⚠ ff_title 확인 필요 — 'ISM Services PMI' 은 못 찾았지만 피드에 비슷한 제목이 있음: 'Flash Services PMI'"
forexfactory_html,2026-09-21T18:54:03+00:00,2026-09-21T18:54:03+00:00,ok,0,"http 경로, 원본 76건 · 매핑 2건 · 매핑 실제값 0건 · 페이지 전체 지난 이벤트 7건 중 실제값 2건"
fred,2026-09-21T18:54:03+00:00,2026-09-21T18:54:19+00:00,ok,22920,"17/17 계열, 관측치 22920건, 개정 감지 0건"
ecos,2026-09-21T18:54:19+00:00,2026-09-21T18:54:20+00:00,ok,31,"관측치 31건(20260820~20260922), 누적 9758건, 금리 변경 1회"
cds,2026-09-21T18:54:20+00:00,2026-09-21T18:54:28+00:00,ok,8394,"2/2 국가 수집, 8394건"
forexfactory,2026-09-22T06:47:55+00:00,2026-09-22T06:47:55+00:00,ok,2,"원본 77건 저장, 2건 지표 매핑 | ⚠ ff_title 확인 필요 — 'ISM Manufacturing PMI' 은 못 찾았지만 피드에 비슷한 제목이 있음: 'Flash Manufacturing PMI' | ⚠ ff_title 확인 필요 — 'ISM Services PMI' 은 못 찾았지만 피드에 비슷한 제목이 있음: 'Flash Services PMI'"
forexfactory_html,2026-09-22T06:47:55+00:00,2026-09-22T06:47:56+00:00,ok,0,"http 경로, 원본 77건 · 매핑 2건 · 매핑 실제값 0건 · 페이지 전체 지난 이벤트 11건 중 실제값 3건"
fred,2026-09-22T06:47:56+00:00,2026-09-22T06:48:13+00:00,ok,22921,"17/17 계열, 관측치 22921건, 개정 감지 0건"
ecos,2026-09-22T06:48:13+00:00,2026-09-22T06:48:14+00:00,ok,32,"관측치 32건(20260820~20260922), 누적 9759건, 금리 변경 1회"
cds,2026-09-22T06:48:14+00:00,2026-09-22T06:48:46+00:00,ok,8395,"2/2 국가 수집, 8395건"
forexfactory,2026-09-22T17:45:05+00:00,2026-09-22T17:45:05+00:00,ok,2,"원본 78건 저장, 2건 지표 매핑 | ⚠ ff_title 확인 필요 — 'ISM Manufacturing PMI' 은 못 찾았지만 피드에 비슷한 제목이 있음: 'Flash Manufacturing PMI' | ⚠ ff_title 확인 필요 — 'ISM Services PMI' 은 못 찾았지만 피드에 비슷한 제목이 있음: 'Flash Services PMI'"
forexfactory_html,2026-09-22T17:45:05+00:00,2026-09-22T17:45:05+00:00,ok,0,"http 경로, 원본 78건 · 매핑 2건 · 매핑 실제값 0건 · 페이지 전체 지난 이벤트 21건 중 실제값 7건"
fred,2026-09-22T17:45:05+00:00,2026-09-22T17:45:39+00:00,ok,22922,"17/17 계열, 관측치 22922건, 개정 감지 0건"
ecos,2026-09-22T17:45:39+00:00,2026-09-22T17:45:40+00:00,ok,31,"관측치 31건(20260821~20260923), 누적 9759건, 금리 변경 1회"
cds,2026-09-22T17:45:40+00:00,2026-09-22T17:46:21+00:00,ok,8396,"2/2 국가 수집, 8396건"
forexfactory,2026-09-23T06:40:07+00:00,2026-09-23T06:40:07+00:00,ok,2,"원본 80건 저장, 2건 지표 매핑 | ⚠ ff_title 확인 필요 — 'ISM Manufacturing PMI' 은 못 찾았지만 피드에 비슷한 제목이 있음: 'Flash Manufacturing PMI' | ⚠ ff_title 확인 필요 — 'ISM Services PMI' 은 못 찾았지만 피드에 비슷한 제목이 있음: 'Flash Services PMI'"
forexfactory_html,2026-09-23T06:40:07+00:00,2026-09-23T06:40:07+00:00,ok,0,"http 경로, 원본 80건 · 매핑 2건 · 매핑 실제값 0건 · 페이지 전체 지난 이벤트 26건 중 실제값 9건"
fred,2026-09-23T06:40:07+00:00,2026-09-23T06:40:26+00:00,ok,22923,"17/17 계열, 관측치 22923건, 개정 감지 0건"
ecos,2026-09-23T06:40:26+00:00,2026-09-23T06:40:27+00:00,ok,32,"관측치 32건(20260821~20260923), 누적 9760건, 금리 변경 1회"
cds,2026-09-23T06:40:27+00:00,2026-09-23T06:40:50+00:00,ok,8396,"2/2 국가 수집, 8396건"
forexfactory,2026-09-23T17:58:09+00:00,2026-09-23T17:58:09+00:00,ok,2,"원본 80건 저장, 2건 지표 매핑 | ⚠ ff_title 확인 필요 — 'ISM Manufacturing PMI' 은 못 찾았지만 피드에 비슷한 제목이 있음: 'Flash Manufacturing PMI' | ⚠ ff_title 확인 필요 — 'ISM Services PMI' 은 못 찾았지만 피드에 비슷한 제목이 있음: 'Flash Services PMI'"
forexfactory_html,2026-09-23T17:58:09+00:00,2026-09-23T17:58:10+00:00,ok,0,"http 경로, 원본 80건 · 매핑 2건 · 매핑 실제값 0건 · 페이지 전체 지난 이벤트 40건 중 실제값 21건"
fred,2026-09-23T17:58:10+00:00,2026-09-23T17:58:26+00:00,ok,22924,"17/17 계열, 관측치 22924건, 개정 감지 0건"
ecos,2026-09-23T17:58:26+00:00,2026-09-23T17:58:27+00:00,ok,31,"관측치 31건(20260822~20260924), 누적 9760건, 금리 변경 1회"
cds,2026-09-23T17:58:27+00:00,2026-09-23T17:58:37+00:00,ok,8398,"2/2 국가 수집, 8398건"
forexfactory,2026-09-24T06:46:08+00:00,2026-09-24T06:46:08+00:00,ok,2,"원본 80건 저장, 2건 지표 매핑 | ⚠ ff_title 확인 필요 — 'ISM Manufacturing PMI' 은 못 찾았지만 피드에 비슷한 제목이 있음: 'Flash Manufacturing PMI' | ⚠ ff_title 확인 필요 — 'ISM Services PMI' 은 못 찾았지만 피드에 비슷한 제목이 있음: 'Flash Services PMI'"
forexfactory_html,2026-09-24T06:46:08+00:00,2026-09-24T06:46:08+00:00,ok,0,"http 경로, 원본 80건 · 매핑 2건 · 매핑 실제값 0건 · 페이지 전체 지난 이벤트 44건 중 실제값 25건"
fred,2026-09-24T06:46:08+00:00,2026-09-24T06:46:23+00:00,ok,22925,"17/17 계열, 관측치 22925건, 개정 감지 0건"
ecos,2026-09-24T06:46:23+00:00,2026-09-24T06:46:24+00:00,ok,32,"관측치 32건(20260822~20260924), 누적 9761건, 금리 변경 1회"
cds,2026-09-24T06:46:24+00:00,2026-09-24T06:46:34+00:00,ok,8399,"2/2 국가 수집, 8399건"
forexfactory,2026-09-24T17:56:43+00:00,2026-09-24T17:56:43+00:00,ok,2,"원본 81건 저장, 2건 지표 매핑 | ⚠ ff_title 확인 필요 — 'ISM Manufacturing PMI' 은 못 찾았지만 피드에 비슷한 제목이 있음: 'Flash Manufacturing PMI' | ⚠ ff_title 확인 필요 — 'ISM Services PMI' 은 못 찾았지만 피드에 비슷한 제목이 있음: 'Flash Services PMI'"
forexfactory_html,2026-09-24T17:56:43+00:00,2026-09-24T17:56:43+00:00,ok,1,"http 경로, 원본 81건 · 매핑 2건 · 매핑 실제값 1건 · 페이지 전체 지난 이벤트 66건 중 실제값 36건"
fred,2026-09-24T17:56:43+00:00,2026-09-24T17:57:03+00:00,ok,22927,"17/17 계열, 관측치 22927건, 개정 감지 2건"
ecos,2026-09-24T17:57:03+00:00,2026-09-24T17:57:04+00:00,ok,31,"관측치 31건(20260823~20260925), 누적 9761건, 금리 변경 1회"
cds,2026-09-24T17:57:04+00:00,2026-09-24T17:57:13+00:00,ok,8400,"2/2 국가 수집, 8400건"
forexfactory,2026-09-25T06:36:43+00:00,2026-09-25T06:36:43+00:00,ok,2,"원본 82건 저장, 2건 지표 매핑 | ⚠ ff_title 확인 필요 — 'ISM Manufacturing PMI' 은 못 찾았지만 피드에 비슷한 제목이 있음: 'Flash Manufacturing PMI' | ⚠ ff_title 확인 필요 — 'ISM Services PMI' 은 못 찾았지만 피드에 비슷한 제목이 있음: 'Flash Services PMI'"
forexfactory_html,2026-09-25T06:36:43+00:00,2026-09-25T06:36:43+00:00,ok,0,"http 경로, 원본 82건 · 매핑 2건 · 매핑 실제값 0건 · 페이지 전체 지난 이벤트 71건 중 실제값 39건"
fred,2026-09-25T06:36:43+00:00,2026-09-25T06:37:06+00:00,ok,22928,"17/17 계열, 관측치 22928건, 개정 감지 0건"
ecos,2026-09-25T06:37:06+00:00,2026-09-25T06:37:07+00:00,ok,32,"관측치 32건(20260823~20260925), 누적 9762건, 금리 변경 1회"
cds,2026-09-25T06:37:07+00:00,2026-09-25T06:37:39+00:00,ok,8401,"2/2 국가 수집, 8401건"
forexfactory,2026-09-25T18:03:55+00:00,2026-09-25T18:03:55+00:00,ok,2,"원본 82건 저장, 2건 지표 매핑 | ⚠ ff_title 확인 필요 — 'ISM Manufacturing PMI' 은 못 찾았지만 피드에 비슷한 제목이 있음: 'Flash Manufacturing PMI' | ⚠ ff_title 확인 필요 — 'ISM Services PMI' 은 못 찾았지만 피드에 비슷한 제목이 있음: 'Flash Services PMI'"
forexfactory_html,2026-09-25T18:03:55+00:00,2026-09-25T18:03:55+00:00,ok,0,"http 경로, 원본 82건 · 매핑 2건 · 매핑 실제값 0건 · 페이지 전체 지난 이벤트 81건 중 실제값 45건"
fred,2026-09-25T18:03:55+00:00,2026-09-25T18:04:19+00:00,ok,22930,"17/17 계열, 관측치 22930건, 개정 감지 0건, 출처 교체 1건"
ecos,2026-09-25T18:04:19+00:00,2026-09-25T18:04:20+00:00,ok,31,"관측치 31건(20260824~20260926), 누적 9762건, 금리 변경 1회"
cds,2026-09-25T18:04:20+00:00,2026-09-25T18:04:28+00:00,ok,8402,"2/2 국가 수집, 8402건"
forexfactory,2026-09-26T06:37:07+00:00,2026-09-26T06:37:08+00:00,ok,2,"원본 82건 저장, 2건 지표 매핑 | ⚠ ff_title 확인 필요 — 'ISM Manufacturing PMI' 은 못 찾았지만 피드에 비슷한 제목이 있음: 'Flash Manufacturing PMI' | ⚠ ff_title 확인 필요 — 'ISM Services PMI' 은 못 찾았지만 피드에 비슷한 제목이 있음: 'Flash Services PMI'"
forexfactory_html,2026-09-26T06:37:08+00:00,2026-09-26T06:37:08+00:00,ok,0,"http 경로, 원본 82건 · 매핑 2건 · 매핑 실제값 0건 · 페이지 전체 지난 이벤트 81건 중 실제값 45건"
fred,2026-09-26T06:37:08+00:00,2026-09-26T06:37:27+00:00,ok,22931,"17/17 계열, 관측치 22931건, 개정 감지 0건"
ecos,2026-09-26T06:37:27+00:00,2026-09-26T06:37:28+00:00,ok,32,"관측치 32건(20260824~20260926), 누적 9763건, 금리 변경 1회"
cds,2026-09-26T06:37:28+00:00,2026-09-26T06:38:00+00:00,ok,8402,"2/2 국가 수집, 8402건"
forexfactory,2026-09-26T17:22:56+00:00,2026-09-26T17:22:57+00:00,ok,2,"원본 82건 저장, 2건 지표 매핑 | ⚠ ff_title 확인 필요 — 'ISM Manufacturing PMI' 은 못 찾았지만 피드에 비슷한 제목이 있음: 'Flash Manufacturing PMI' | ⚠ ff_title 확인 필요 — 'ISM Services PMI' 은 못 찾았지만 피드에 비슷한 제목이 있음: 'Flash Services PMI'"
forexfactory_html,2026-09-26T17:22:57+00:00,2026-09-26T17:22:57+00:00,ok,0,"http 경로, 원본 82건 · 매핑 2건 · 매핑 실제값 0건 · 페이지 전체 지난 이벤트 82건 중 실제값 45건"
fred,2026-09-26T17:22:57+00:00,2026-09-26T17:23:17+00:00,ok,22932,"17/17 계열, 관측치 22932건, 개정 감지 0건"
ecos,2026-09-26T17:23:17+00:00,2026-09-26T17:23:18+00:00,ok,31,"관측치 31건(20260825~20260927), 누적 9763건, 금리 변경 1회"
cds,2026-09-26T17:23:18+00:00,2026-09-26T17:23:27+00:00,ok,8403,"2/2 국가 수집, 8403건"
forexfactory,2026-09-27T07:05:54+00:00,2026-09-27T07:05:55+00:00,ok,7,"원본 141건 저장, 7건 지표 매핑"
forexfactory_html,2026-09-27T07:05:55+00:00,2026-09-27T07:05:55+00:00,ok,0,"http 경로, 원본 141건 · 매핑 7건 · 매핑 실제값 0건 · 페이지 전체 아직 발표된 이벤트 없음"
fred,2026-09-27T07:05:55+00:00,2026-09-27T07:06:15+00:00,ok,22932,"17/17 계열, 관측치 22932건, 개정 감지 0건"
ecos,2026-09-27T07:06:15+00:00,2026-09-27T07:06:16+00:00,ok,32,"관측치 32건(20260825~20260927), 누적 9764건, 금리 변경 1회"
cds,2026-09-27T07:06:16+00:00,2026-09-27T07:06:26+00:00,ok,8403,"2/2 국가 수집, 8403건"
forexfactory,2026-09-27T17:56:41+00:00,2026-09-27T17:56:41+00:00,ok,7,"원본 141건 저장, 7건 지표 매핑"
forexfactory_html,2026-09-27T17:56:41+00:00,2026-09-27T17:56:41+00:00,ok,0,"http 경로, 원본 141건 · 매핑 7건 · 매핑 실제값 0건 · 페이지 전체 아직 발표된 이벤트 없음"
fred,2026-09-27T17:56:41+00:00,2026-09-27T17:57:03+00:00,ok,22933,"17/17 계열, 관측치 22933건, 개정 감지 0건"
ecos,2026-09-27T17:57:03+00:00,2026-09-27T17:57:04+00:00,ok,31,"관측치 31건(20260826~20260928), 누적 9764건, 금리 변경 1회"
cds,2026-09-27T17:57:04+00:00,2026-09-27T17:57:36+00:00,ok,8405,"2/2 국가 수집, 8405건"
forexfactory,2026-09-28T07:39:03+00:00,2026-09-28T07:39:04+00:00,ok,7,"원본 141건 저장, 7건 지표 매핑"
forexfactory_html,2026-09-28T07:39:04+00:00,2026-09-28T07:39:04+00:00,ok,0,"http 경로, 원본 141건 · 매핑 7건 · 매핑 실제값 0건 · 페이지 전체 지난 이벤트 2건 중 실제값 1건"
fred,2026-09-28T07:39:04+00:00,2026-09-28T07:39:19+00:00,ok,22933,"17/17 계열, 관측치 22933건, 개정 감지 0건"
ecos,2026-09-28T07:39:19+00:00,2026-09-28T07:39:20+00:00,ok,32,"관측치 32건(20260826~20260928), 누적 9765건, 금리 변경 1회"
cds,2026-09-28T07:39:20+00:00,2026-09-28T07:39:54+00:00,ok,8405,"2/2 국가 수집, 8405건"
forexfactory,2026-09-28T20:13:45+00:00,2026-09-28T20:13:46+00:00,ok,7,"원본 141건 저장, 7건 지표 매핑"
forexfactory_html,2026-09-28T20:13:46+00:00,2026-09-28T20:13:46+00:00,ok,0,"http 경로, 원본 141건 · 매핑 7건 · 매핑 실제값 0건 · 페이지 전체 지난 이벤트 7건 중 실제값 1건"
fred,2026-09-28T20:13:46+00:00,2026-09-28T20:14:09+00:00,ok,22934,"17/17 계열, 관측치 22934건, 개정 감지 0건"
ecos,2026-09-28T20:14:09+00:00,2026-09-28T20:14:10+00:00,ok,31,"관측치 31건(20260827~20260929), 누적 9765건, 금리 변경 1회"
cds,2026-09-28T20:14:10+00:00,2026-09-28T20:14:18+00:00,ok,8407,"2/2 국가 수집, 8407건"
forexfactory,2026-09-29T07:31:01+00:00,2026-09-29T07:31:01+00:00,ok,7,"원본 141건 저장, 7건 지표 매핑"
forexfactory_html,2026-09-29T07:31:01+00:00,2026-09-29T07:31:01+00:00,ok,0,"http 경로, 원본 141건 · 매핑 7건 · 매핑 실제값 0건 · 페이지 전체 지난 이벤트 14건 중 실제값 6건"
fred,2026-09-29T07:31:01+00:00,2026-09-29T07:31:27+00:00,ok,22935,"17/17 계열, 관측치 22935건, 개정 감지 0건"
ecos,2026-09-29T07:31:27+00:00,2026-09-29T07:31:28+00:00,ok,32,"관측치 32건(20260827~20260929), 누적 9766건, 금리 변경 1회"
cds,2026-09-29T07:31:28+00:00,2026-09-29T07:31:38+00:00,ok,8408,"2/2 국가 수집, 8408건"
forexfactory,2026-09-29T18:51:50+00:00,2026-09-29T18:51:50+00:00,ok,7,"원본 141건 저장, 7건 지표 매핑"
forexfactory_html,2026-09-29T18:51:50+00:00,2026-09-29T18:51:50+00:00,ok,0,"http 경로, 원본 141건 · 매핑 7건 · 매핑 실제값 0건 · 페이지 전체 지난 이벤트 34건 중 실제값 16건"
fred,2026-09-29T18:51:50+00:00,2026-09-29T18:52:12+00:00,ok,22937,"17/17 계열, 관측치 22937건, 개정 감지 141건"
ecos,2026-09-29T18:52:12+00:00,2026-09-29T18:52:13+00:00,ok,31,"관측치 31건(20260828~20260930), 누적 9766건, 금리 변경 0회"
cds,2026-09-29T18:52:13+00:00,2026-09-29T18:52:23+00:00,ok,8409,"2/2 국가 수집, 8409건"
forexfactory,2026-09-30T07:28:41+00:00,2026-09-30T07:28:41+00:00,ok,7,"원본 142건 저장, 7건 지표 매핑"
forexfactory_html,2026-09-30T07:28:41+00:00,2026-09-30T07:28:41+00:00,ok,0,"http 경로, 원본 142건 · 매핑 7건 · 매핑 실제값 0건 · 페이지 전체 지난 이벤트 57건 중 실제값 36건"
fred,2026-09-30T07:28:41+00:00,2026-09-30T07:28:55+00:00,ok,22938,"17/17 계열, 관측치 22938건, 개정 감지 0건"
ecos,2026-09-30T07:28:55+00:00,2026-09-30T07:28:55+00:00,ok,32,"관측치 32건(20260828~20260930), 누적 9767건, 금리 변경 0회"
cds,2026-09-30T07:28:55+00:00,2026-09-30T07:29:04+00:00,ok,8409,"2/2 국가 수집, 8409건"
forexfactory,2026-09-30T18:33:32+00:00,2026-09-30T18:33:32+00:00,ok,7,"원본 142건 저장, 7건 지표 매핑"
forexfactory_html,2026-09-30T18:33:32+00:00,2026-09-30T18:33:32+00:00,ok,1,"http 경로, 원본 142건 · 매핑 7건 · 매핑 실제값 1건 · 페이지 전체 지난 이벤트 77건 중 실제값 51건"
fred,2026-09-30T18:33:32+00:00,2026-09-30T18:33:53+00:00,ok,22942,"17/17 계열, 관측치 22942건, 개정 감지 220건"
ecos,2026-09-30T18:33:53+00:00,2026-09-30T18:33:53+00:00,ok,31,"관측치 31건(20260829~20261001), 누적 9767건, 금리 변경 0회"
cds,2026-09-30T18:33:53+00:00,2026-09-30T18:34:26+00:00,ok,8409,"2/2 국가 수집, 8409건"
forexfactory,2026-10-01T07:48:55+00:00,2026-10-01T07:48:55+00:00,ok,7,"원본 142건 저장, 7건 지표 매핑"
forexfactory_html,2026-10-01T07:48:55+00:00,2026-10-01T07:48:55+00:00,ok,0,"http 경로, 원본 142건 · 매핑 7건 · 매핑 실제값 0건 · 페이지 전체 지난 이벤트 96건 중 실제값 63건"
fred,2026-10-01T07:48:55+00:00,2026-10-01T07:49:12+00:00,ok,22943,"17/17 계열, 관측치 22943건, 개정 감지 0건"
ecos,2026-10-01T07:49:12+00:00,2026-10-01T07:49:13+00:00,ok,34,"관측치 34건(20260829~20261001), 누적 9770건, 금리 변경 0회"
cds,2026-10-01T07:49:13+00:00,2026-10-01T07:49:22+00:00,ok,8409,"2/2 국가 수집, 8409건"
forexfactory,2026-10-01T19:01:13+00:00,2026-10-01T19:01:13+00:00,ok,7,"원본 142건 저장, 7건 지표 매핑"
forexfactory_html,2026-10-01T19:01:13+00:00,2026-10-01T19:01:14+00:00,ok,2,"http 경로, 원본 142건 · 매핑 7건 · 매핑 실제값 2건 · 페이지 전체 지난 이벤트 124건 중 실제값 79건"
fred,2026-10-01T19:01:14+00:00,2026-10-01T19:01:52+00:00,ok,22945,"17/17 계열, 관측치 22945건, 개정 감지 1건"
ecos,2026-10-01T19:01:52+00:00,2026-10-01T19:01:53+00:00,ok,31,"관측치 31건(20260901~20261002), 누적 9770건, 금리 변경 0회"
cds,2026-10-01T19:01:53+00:00,2026-10-01T19:02:01+00:00,ok,8410,"2/2 국가 수집, 8410건"
forexfactory,2026-10-02T07:31:46+00:00,2026-10-02T07:31:46+00:00,ok,7,"원본 142건 저장, 7건 지표 매핑"
forexfactory_html,2026-10-02T07:31:46+00:00,2026-10-02T07:31:47+00:00,ok,1,"http 경로, 원본 142건 · 매핑 7건 · 매핑 실제값 1건 · 페이지 전체 지난 이벤트 132건 중 실제값 84건"
fred,2026-10-02T07:31:47+00:00,2026-10-02T07:32:10+00:00,ok,22946,"17/17 계열, 관측치 22946건, 개정 감지 0건"
ecos,2026-10-02T07:32:10+00:00,2026-10-02T07:32:11+00:00,ok,31,"관측치 31건(20260901~20261002), 누적 9770건, 금리 변경 0회"
cds,2026-10-02T07:32:11+00:00,2026-10-02T07:32:43+00:00,ok,8411,"2/2 국가 수집, 8411건"
forexfactory,2026-10-02T18:40:44+00:00,2026-10-02T18:40:45+00:00,ok,7,"원본 143건 저장, 7건 지표 매핑"
forexfactory_html,2026-10-02T18:40:45+00:00,2026-10-02T18:40:45+00:00,ok,4,"http 경로, 원본 143건 · 매핑 7건 · 매핑 실제값 4건 · 페이지 전체 지난 이벤트 141건 중 실제값 91건"
fred,2026-10-02T18:40:45+00:00,2026-10-02T18:41:02+00:00,ok,22950,"17/17 계열, 관측치 22950건, 개정 감지 4건"
ecos,2026-10-02T18:41:02+00:00,2026-10-02T18:41:03+00:00,ok,31,"관측치 31건(20260901~20261003), 누적 9770건, 금리 변경 0회"
cds,2026-10-02T18:41:03+00:00,2026-10-02T18:41:13+00:00,ok,8412,"2/2 국가 수집, 8412건"
forexfactory,2026-10-03T07:06:23+00:00,2026-10-03T07:06:23+00:00,ok,7,"원본 143건 저장, 7건 지표 매핑"
forexfactory_html,2026-10-03T07:06:23+00:00,2026-10-03T07:06:24+00:00,ok,1,"http 경로, 원본 143건 · 매핑 7건 · 매핑 실제값 1건 · 페이지 전체 지난 이벤트 142건 중 실제값 91건"
fred,2026-10-03T07:06:24+00:00,2026-10-03T07:06:41+00:00,ok,22951,"17/17 계열, 관측치 22951건, 개정 감지 0건"
ecos,2026-10-03T07:06:41+00:00,2026-10-03T07:06:42+00:00,ok,31,"관측치 31건(20260901~20261003), 누적 9770건, 금리 변경 0회"
cds,2026-10-03T07:06:42+00:00,2026-10-03T07:06:51+00:00,ok,8412,"2/2 국가 수집, 8412건"
forexfactory,2026-10-03T17:36:42+00:00,2026-10-03T17:36:43+00:00,ok,7,"원본 143건 저장, 7건 지표 매핑"
forexfactory_html,2026-10-03T17:36:43+00:00,2026-10-03T17:36:43+00:00,ok,1,"http 경로, 원본 143건 · 매핑 7건 · 매핑 실제값 1건 · 페이지 전체 지난 이벤트 143건 중 실제값 91건"
fred,2026-10-03T17:36:43+00:00,2026-10-03T17:37:04+00:00,ok,22952,"17/17 계열, 관측치 22952건, 개정 감지 0건"
ecos,2026-10-03T17:37:04+00:00,2026-10-03T17:37:04+00:00,ok,31,"관측치 31건(20260901~20261004), 누적 9770건, 금리 변경 0회"
cds,2026-10-03T17:37:04+00:00,2026-10-03T17:37:37+00:00,ok,8414,"2/2 국가 수집, 8414건"
forexfactory,2026-10-04T07:24:05+00:00,2026-10-04T07:24:06+00:00,ok,3,"원본 79건 저장, 3건 지표 매핑"
forexfactory_html,2026-10-04T07:24:06+00:00,2026-10-04T07:24:06+00:00,ok,0,"http 경로, 원본 79건 · 매핑 3건 · 매핑 실제값 0건 · 페이지 전체 아직 발표된 이벤트 없음"
fred,2026-10-04T07:24:06+00:00,2026-10-04T07:24:23+00:00,ok,22952,"17/17 계열, 관측치 22952건, 개정 감지 0건"
ecos,2026-10-04T07:24:23+00:00,2026-10-04T07:24:24+00:00,ok,32,"관측치 32건(20260901~20261004), 누적 9771건, 금리 변경 0회"
cds,2026-10-04T07:24:24+00:00,2026-10-04T07:24:32+00:00,ok,8414,"2/2 국가 수집, 8414건"
forexfactory,2026-10-04T17:49:26+00:00,2026-10-04T17:49:26+00:00,ok,3,"원본 79건 저장, 3건 지표 매핑"
forexfactory_html,2026-10-04T17:49:26+00:00,2026-10-04T17:49:26+00:00,ok,0,"http 경로, 원본 79건 · 매핑 3건 · 매핑 실제값 0건 · 페이지 전체 지난 이벤트 1건 중 실제값 0건 | 발표 시각이 지난 이벤트 1건 전부에서 실제값을 뽑지 못했습니다 — 값 추출이 깨졌는지 확인이 필요합니다"
fred,2026-10-04T17:49:26+00:00,2026-10-04T17:49:45+00:00,ok,22953,"17/17 계열, 관측치 22953건, 개정 감지 0건"
ecos,2026-10-04T17:49:45+00:00,2026-10-04T17:56:26+00:00,failed,0,FetchError: 5회 재시도 실패 :: https://ecos.bok.or.kr/api/StatisticSearch/***/json/kr/1/10000/722Y001/D/20260902/20261005/0101000 :: <urlopen error timed out>
cds,2026-10-04T17:56:26+00:00,2026-10-04T17:56:36+00:00,ok,8414,"2/2 국가 수집, 8414건"
forexfactory,2026-10-05T07:41:39+00:00,2026-10-05T07:41:39+00:00,ok,3,"원본 79건 저장, 3건 지표 매핑"
forexfactory_html,2026-10-05T07:41:39+00:00,2026-10-05T07:41:39+00:00,ok,0,"http 경로, 원본 79건 · 매핑 3건 · 매핑 실제값 0건 · 페이지 전체 지난 이벤트 7건 중 실제값 4건"
fred,2026-10-05T07:41:39+00:00,2026-10-05T07:41:54+00:00,ok,22953,"17/17 계열, 관측치 22953건, 개정 감지 0건"
ecos,2026-10-05T07:41:54+00:00,2026-10-05T07:41:55+00:00,ok,32,"관측치 32건(20260902~20261005), 누적 9772건, 금리 변경 0회"
cds,2026-10-05T07:41:55+00:00,2026-10-05T07:42:04+00:00,ok,8415,"2/2 국가 수집, 8415건"
forexfactory,2026-10-05T21:14:36+00:00,2026-10-05T21:14:36+00:00,ok,3,"원본 82건 저장, 3건 지표 매핑"
forexfactory_html,2026-10-05T21:14:36+00:00,2026-10-05T21:14:36+00:00,ok,1,"http 경로, 원본 82건 · 매핑 3건 · 매핑 실제값 1건 · 페이지 전체 지난 이벤트 18건 중 실제값 14건"
fred,2026-10-05T21:14:36+00:00,2026-10-05T21:14:57+00:00,ok,22955,"17/17 계열, 관측치 22955건, 개정 감지 0건"
ecos,2026-10-05T21:14:57+00:00,2026-10-05T21:14:58+00:00,ok,31,"관측치 31건(20260903~20261006), 누적 9772건, 금리 변경 0회"
cds,2026-10-05T21:14:58+00:00,2026-10-05T21:15:12+00:00,ok,8415,"2/2 국가 수집, 8415건"
forexfactory,2026-10-06T08:08:51+00:00,2026-10-06T08:08:51+00:00,ok,3,"원본 82건 저장, 3건 지표 매핑"
forexfactory_html,2026-10-06T08:08:51+00:00,2026-10-06T08:08:51+00:00,ok,1,"http 경로, 원본 82건 · 매핑 3건 · 매핑 실제값 1건 · 페이지 전체 지난 이벤트 27건 중 실제값 21건"
fred,2026-10-06T08:08:51+00:00,2026-10-06T08:09:08+00:00,ok,22955,"17/17 계열, 관측치 22955건, 개정 감지 0건"
ecos,2026-10-06T08:09:08+00:00,2026-10-06T08:09:09+00:00,ok,32,"관측치 32건(20260903~20261006), 누적 9773건, 금리 변경 0회"
cds,2026-10-06T08:09:09+00:00,2026-10-06T08:09:18+00:00,ok,8417,"2/2 국가 수집, 8417건"
