series_id,ref_date,observed_at,old_value,new_value,source
avg_hourly_earnings_mom,2026-05-01,2026-08-07T16:35:12+00:00,0.002673082063619381,0.0021384656508955935,fred
avg_hourly_earnings_mom,2026-06-01,2026-08-07T16:35:12+00:00,0.003465742468675037,0.0029341157642037707,fred
avg_hourly_earnings_mom,2026-06-01,2026-09-04T17:04:31+00:00,0.0029341157642037707,0.0026673779674579734,fred
avg_hourly_earnings_mom,2026-07-01,2026-09-04T17:04:31+00:00,0.0005319148936169249,0.0015961691939343492,fred
cds_kr_5y,2026-08-10,2026-08-11T05:39:55+00:00,23.12,23.11,worldgovernmentbonds
cds_kr_5y,2026-09-24,2026-09-25T06:37:39+00:00,23.19,21.88,worldgovernmentbonds
cds_us_5y,2026-08-28,2026-08-28T23:12:25+00:00,33.74,33.73,worldgovernmentbonds
core_pce_mom,2026-04-01,2026-08-26T14:23:28+00:00,0.0024740418886219917,0.0026132067448567664,fred
core_pce_mom,2026-05-01,2026-08-26T14:23:28+00:00,0.003324001449912295,0.0035934331166476152,fred
core_pce_mom,2026-06-01,2026-08-26T14:23:28+00:00,0.0013221209279443702,0.0014675712847780353,fred
core_pce_yoy,2026-04-01,2026-08-26T14:23:27+00:00,0.03315485012191055,0.033298274131089656,fred
core_pce_yoy,2026-05-01,2026-08-26T14:23:27+00:00,0.0342157564194292,0.03463709356864597,fred
core_pce_yoy,2026-06-01,2026-08-26T14:23:27+00:00,0.03286526430967074,0.03343614465473621,fred
initial_claims,2026-07-18,2026-08-07T06:03:53+00:00,188.0,189.0,fred
initial_claims,2026-07-25,2026-08-07T06:03:53+00:00,197.0,198.0,fred
initial_claims,2026-08-01,2026-08-13T16:39:19+00:00,199.0,200.0,fred
initial_claims,2026-08-08,2026-08-20T15:18:40+00:00,209.0,212.0,fred
initial_claims,2026-08-15,2026-08-27T23:03:39+00:00,206.0,207.0,fred
initial_claims,2026-08-22,2026-09-03T17:11:38+00:00,203.0,204.0,fred
initial_claims,2026-08-29,2026-09-10T17:10:16+00:00,206.0,207.0,fred
initial_claims,2026-09-05,2026-09-24T17:56:53+00:00,206.0,207.0,fred
initial_claims,2026-09-12,2026-09-24T17:56:53+00:00,196.0,198.0,fred
jolts,2026-05-01,2026-08-04T16:29:29+00:00,7.594,7.537,fred
jolts,2026-06-01,2026-09-01T17:36:04+00:00,7.359,7.182,fred
jolts,2026-07-01,2026-09-29T18:52:04+00:00,7.271,7.335,fred
nfp,2026-05-01,2026-08-07T16:35:10+00:00,129.0,63.0,fred
nfp,2026-06-01,2026-08-07T16:35:10+00:00,57.0,20.0,fred
nfp,2026-06-01,2026-09-04T17:04:29+00:00,20.0,31.0,fred
nfp,2026-07-01,2026-09-04T17:04:29+00:00,-23.0,21.0,fred
pce_yoy,2026-04-01,2026-08-26T14:23:26+00:00,0.03790725326991673,0.0380182322631788,fred
pce_yoy,2026-05-01,2026-08-26T14:23:26+00:00,0.04078968191169485,0.04111410033233098,fred
pce_yoy,2026-06-01,2026-08-26T14:23:26+00:00,0.03668052673520439,0.0371697056247684,fred
ppi_index,2026-03-01,2026-08-13T16:39:11+00:00,154.405,154.393,fred
ppi_index,2026-04-01,2026-08-13T16:39:11+00:00,156.03,156.076,fred
ppi_index,2026-04-01,2026-09-10T17:10:08+00:00,156.076,156.061,fred
ppi_index,2026-05-01,2026-08-13T16:39:11+00:00,157.001,156.783,fred
ppi_index,2026-05-01,2026-09-10T17:10:08+00:00,156.783,156.864,fred
ppi_index,2026-06-01,2026-08-13T16:39:11+00:00,156.566,156.607,fred
ppi_index,2026-06-01,2026-09-10T17:10:08+00:00,156.607,156.667,fred
ppi_index,2026-07-01,2026-09-10T17:10:08+00:00,156.563,156.784,fred
retail_sales_mom,2015-01-01,2026-09-29T18:52:09+00:00,-0.004422124572783681,-0.004473274278672945,fred
retail_sales_mom,2015-02-01,2026-09-29T18:52:09+00:00,-0.0025431565967940495,-0.0025246037936784704,fred
retail_sales_mom,2015-03-01,2026-09-29T18:52:09+00:00,0.015283796787312287,0.015253860291965626,fred
retail_sales_mom,2015-04-01,2026-09-29T18:52:09+00:00,0.0018978570127314853,0.002061713020617084,fred
retail_sales_mom,2015-05-01,2026-09-29T18:52:09+00:00,0.007814118351094468,0.007714365935274747,fred
retail_sales_mom,2015-06-01,2026-09-29T18:52:09+00:00,0.00019640756854277797,0.00011875779348025084,fred
retail_sales_mom,2015-07-01,2026-09-29T18:52:09+00:00,0.009112891624862174,0.009348782192099891,fred
retail_sales_mom,2015-08-01,2026-09-29T18:52:09+00:00,-0.0002104348534422984,-0.00024659963982875954,fred
retail_sales_mom,2015-09-01,2026-09-29T18:52:09+00:00,-0.004485695339358053,-0.004770277640115617,fred
retail_sales_mom,2015-10-01,2026-09-29T18:52:09+00:00,-0.002668988580639131,-0.0022214895576347926,fred
retail_sales_mom,2015-11-01,2026-09-29T18:52:09+00:00,0.003669992454860216,0.003520821844135824,fred
retail_sales_mom,2015-12-01,2026-09-29T18:52:09+00:00,0.0041925673910920835,0.004069370042442344,fred
retail_sales_mom,2016-01-01,2026-09-29T18:52:09+00:00,-0.006068090168698803,-0.00656557089708365,fred
retail_sales_mom,2016-02-01,2026-09-29T18:52:09+00:00,0.008307809932964094,0.009006219664338566,fred
retail_sales_mom,2016-03-01,2026-09-29T18:52:09+00:00,-0.0028457495424458745,-0.0031452500857385157,fred
retail_sales_mom,2016-04-01,2026-09-29T18:52:09+00:00,0.00542710747392805,0.005475154703110441,fred
retail_sales_mom,2016-05-01,2026-09-29T18:52:09+00:00,0.0027821921693444995,0.0027192937039797194,fred
retail_sales_mom,2016-06-01,2026-09-29T18:52:09+00:00,0.010655682506902409,0.011148502270783345,fred
retail_sales_mom,2016-07-01,2026-09-29T18:52:09+00:00,-0.0009950315056292958,-0.001469781775150003,fred
retail_sales_mom,2016-08-01,2026-09-29T18:52:09+00:00,0.0003490525557539037,0.00039577983079297496,fred
retail_sales_mom,2016-09-01,2026-09-29T18:52:09+00:00,0.006911940543976369,0.007305694529953,fred
retail_sales_mom,2016-10-01,2026-09-29T18:52:09+00:00,0.001745921034044251,0.0015445378522098707,fred
retail_sales_mom,2016-11-01,2026-09-29T18:52:09+00:00,9.915235751245532e-05,-0.0004031636227446178,fred
retail_sales_mom,2016-12-01,2026-09-29T18:52:09+00:00,0.011925744450221654,0.012954926640909692,fred
retail_sales_mom,2017-01-01,2026-09-29T18:52:09+00:00,0.01111897323129507,0.010058637308123286,fred
retail_sales_mom,2017-02-01,2026-09-29T18:52:09+00:00,-0.0002756173397758799,0.00017448322806901118,fred
retail_sales_mom,2017-03-01,2026-09-29T18:52:09+00:00,-0.0013138510049883756,-0.001550691457628428,fred
retail_sales_mom,2017-04-01,2026-09-29T18:52:09+00:00,0.0034550136518329833,0.003604485870027041,fred
retail_sales_mom,2017-05-01,2026-09-29T18:52:09+00:00,-0.005420438621377421,-0.00537548897390705,fred
retail_sales_mom,2017-06-01,2026-09-29T18:52:09+00:00,0.005134477497763301,0.005363482936042274,fred
retail_sales_mom,2017-07-01,2026-09-29T18:52:09+00:00,-8.81473996516835e-05,-0.00018055158509244773,fred
retail_sales_mom,2017-08-01,2026-09-29T18:52:09+00:00,0.0020017674036583166,0.001833789451733514,fred
retail_sales_mom,2017-09-01,2026-09-29T18:52:09+00:00,0.020823140637740822,0.02070341838157974,fred
retail_sales_mom,2017-10-01,2026-09-29T18:52:09+00:00,0.0008050886648560684,0.0006033746935822926,fred
retail_sales_mom,2017-11-01,2026-09-29T18:52:09+00:00,0.010169982797984423,0.010879408334996787,fred
retail_sales_mom,2017-12-01,2026-09-29T18:52:09+00:00,0.005482909830356153,0.005098488328348472,fred
retail_sales_mom,2018-01-01,2026-09-29T18:52:09+00:00,-0.00449144516177058,-0.00493407447846872,fred
retail_sales_mom,2018-02-01,2026-09-29T18:52:09+00:00,0.005436069578367064,0.006303123506307351,fred
retail_sales_mom,2018-03-01,2026-09-29T18:52:09+00:00,0.00016321268679075907,0.0004625967787568186,fred
retail_sales_mom,2018-04-01,2026-09-29T18:52:09+00:00,9.088843444682304e-05,-0.00040252081239022797,fred
retail_sales_mom,2018-05-01,2026-09-29T18:52:09+00:00,0.016122969137918997,0.016417072102954622,fred
retail_sales_mom,2018-06-01,2026-09-29T18:52:09+00:00,-0.0035206114318236947,-0.003522943832003911,fred
retail_sales_mom,2018-07-01,2026-09-29T18:52:09+00:00,0.005944172915459678,0.005941264261888568,fred
retail_sales_mom,2018-08-01,2026-09-29T18:52:09+00:00,0.0006144274874173572,0.0007600601562278708,fred
retail_sales_mom,2018-09-01,2026-09-29T18:52:09+00:00,-0.003927489385848526,-0.00407690422616791,fred
retail_sales_mom,2018-10-01,2026-09-29T18:52:09+00:00,0.009987650226751521,0.009809982429882291,fred
retail_sales_mom,2018-11-01,2026-09-29T18:52:09+00:00,0.004911203506736239,0.005805851363760883,fred
retail_sales_mom,2018-12-01,2026-09-29T18:52:09+00:00,-0.019526755323200806,-0.019167045415866668,fred
retail_sales_mom,2019-01-01,2026-09-29T18:52:09+00:00,0.002713074483810418,0.001859646687542682,fred
retail_sales_mom,2019-02-01,2026-09-29T18:52:09+00:00,0.0026731098605334846,0.0031357671015446176,fred
retail_sales_mom,2019-03-01,2026-09-29T18:52:09+00:00,0.01533499677682415,0.01479907703807215,fred
retail_sales_mom,2019-04-01,2026-09-29T18:52:09+00:00,0.00010214463680568997,-1.0007725964489289e-05,fred
retail_sales_mom,2019-05-01,2026-09-29T18:52:09+00:00,0.010810204608856067,0.011502995342357769,fred
retail_sales_mom,2019-06-01,2026-09-29T18:52:09+00:00,0.0010104192050972571,0.0006431109950213454,fred
retail_sales_mom,2019-07-01,2026-09-29T18:52:09+00:00,0.007600182879400563,0.0073326860214246725,fred
retail_sales_mom,2019-08-01,2026-09-29T18:52:09+00:00,0.006816070211415948,0.007524701161587766,fred
retail_sales_mom,2019-09-01,2026-09-29T18:52:09+00:00,-0.006397287347262082,-0.007246376811594235,fred
retail_sales_mom,2019-10-01,2026-09-29T18:52:09+00:00,0.0026822074999706125,0.0027458130766648825,fred
retail_sales_mom,2019-11-01,2026-09-29T18:52:09+00:00,0.006985242280396653,0.007334087554951907,fred
retail_sales_mom,2019-12-01,2026-09-29T18:52:09+00:00,0.0032107192516748206,0.0031555487332142196,fred
retail_sales_mom,2020-01-01,2026-09-29T18:52:09+00:00,-0.0014480504627170099,-0.0016580375111617807,fred
retail_sales_mom,2020-02-01,2026-09-29T18:52:09+00:00,0.0004096140891716171,0.0007430876358365257,fred
retail_sales_mom,2020-03-01,2026-09-29T18:52:09+00:00,-0.0912153377447461,-0.0914462970143467,fred
retail_sales_mom,2020-04-01,2026-09-29T18:52:09+00:00,-0.14369539037076895,-0.14184904146537158,fred
retail_sales_mom,2020-05-01,2026-09-29T18:52:09+00:00,0.19305634519285442,0.1942002750169709,fred
retail_sales_mom,2020-06-01,2026-09-29T18:52:09+00:00,0.08274445134173125,0.08066947627931764,fred
retail_sales_mom,2020-07-01,2026-09-29T18:52:09+00:00,0.01595635841386156,0.015298710206975707,fred
retail_sales_mom,2020-08-01,2026-09-29T18:52:09+00:00,0.008419088587584334,0.007744744163449946,fred
retail_sales_mom,2020-09-01,2026-09-29T18:52:09+00:00,0.01991012463847297,0.019249782022865425,fred
retail_sales_mom,2020-10-01,2026-09-29T18:52:09+00:00,-0.0040421058854391845,-0.003273957442248454,fred
retail_sales_mom,2020-11-01,2026-09-29T18:52:09+00:00,-0.009595373149278275,-0.009138615935299299,fred
retail_sales_mom,2020-12-01,2026-09-29T18:52:09+00:00,0.00862829413736721,0.00913497424883869,fred
retail_sales_mom,2021-01-01,2026-09-29T18:52:09+00:00,0.03840326210477052,0.03765882741156279,fred
retail_sales_mom,2021-02-01,2026-09-29T18:52:09+00:00,-0.02564061298571252,-0.02558170280274985,fred
retail_sales_mom,2021-03-01,2026-09-29T18:52:09+00:00,0.10770961531755896,0.10663950701939973,fred
retail_sales_mom,2021-04-01,2026-09-29T18:52:09+00:00,0.008913468117783596,0.009388979091421223,fred
retail_sales_mom,2021-05-01,2026-09-29T18:52:09+00:00,-0.0060414377932248575,-0.006004132970699905,fred
retail_sales_mom,2021-06-01,2026-09-29T18:52:09+00:00,0.011016352708324462,0.01010916644787141,fred
retail_sales_mom,2021-07-01,2026-09-29T18:52:09+00:00,-0.016558542364572215,-0.01585225702987192,fred
retail_sales_mom,2021-08-01,2026-09-29T18:52:09+00:00,0.00617463448191069,0.005656014644177754,fred
retail_sales_mom,2021-09-01,2026-09-29T18:52:09+00:00,0.006833649033165745,0.00783259197349273,fred
retail_sales_mom,2021-10-01,2026-09-29T18:52:09+00:00,0.014601317759906474,0.014515840901007993,fred
retail_sales_mom,2021-11-01,2026-09-29T18:52:09+00:00,0.010186348256390199,0.011246845810622741,fred
retail_sales_mom,2021-12-01,2026-09-29T18:52:09+00:00,-0.007899192477203387,-0.006782964311958795,fred
retail_sales_mom,2022-01-01,2026-09-29T18:52:09+00:00,0.01866476970277664,0.019921702850415057,fred
retail_sales_mom,2022-02-01,2026-09-29T18:52:09+00:00,0.010438489396033868,0.010557938560524782,fred
retail_sales_mom,2022-03-01,2026-09-29T18:52:09+00:00,0.020256981261587148,0.018504560598612718,fred
retail_sales_mom,2022-04-01,2026-09-29T18:52:09+00:00,0.01408082921292042,0.013536640859971305,fred
retail_sales_mom,2022-05-01,2026-09-29T18:52:09+00:00,-0.0005256030803066913,-0.0002766406453134085,fred
retail_sales_mom,2022-06-01,2026-09-29T18:52:09+00:00,0.00949614077202754,0.010069179299134312,fred
retail_sales_mom,2022-07-01,2026-09-29T18:52:09+00:00,-0.009852682652943257,-0.012326642554312706,fred
retail_sales_mom,2022-08-01,2026-09-29T18:52:09+00:00,0.00608900007580937,0.004924592648730686,fred
retail_sales_mom,2022-09-01,2026-09-29T18:52:09+00:00,-0.0025799995780374507,-0.002906490055037736,fred
retail_sales_mom,2022-10-01,2026-09-29T18:52:09+00:00,0.010299854650723583,0.008852288404288755,fred
retail_sales_mom,2022-11-01,2026-09-29T18:52:09+00:00,-0.013778076213863066,-0.015764914742909197,fred
retail_sales_mom,2022-12-01,2026-09-29T18:52:09+00:00,-0.011668673365096804,-0.01234746576072876,fred
retail_sales_mom,2023-01-01,2026-09-29T18:52:09+00:00,0.043712208272025155,0.040630567402688555,fred
retail_sales_mom,2023-02-01,2026-09-29T18:52:09+00:00,-0.011908804518318883,-0.014754404532154597,fred
retail_sales_mom,2023-03-01,2026-09-29T18:52:09+00:00,-0.010534819505111925,-0.014361538878157054,fred
retail_sales_mom,2023-04-01,2026-09-29T18:52:09+00:00,0.008154016638824979,0.005824655878231777,fred
retail_sales_mom,2023-05-01,2026-09-29T18:52:09+00:00,0.005082819533060778,0.00507009508894285,fred
retail_sales_mom,2023-06-01,2026-09-29T18:52:09+00:00,0.004770723339595273,0.003280975625959748,fred
retail_sales_mom,2023-07-01,2026-09-29T18:52:09+00:00,0.0019302424839429122,-0.0016328655963495642,fred
retail_sales_mom,2023-08-01,2026-09-29T18:52:09+00:00,0.00933192221973278,0.0063929115710041895,fred
retail_sales_mom,2023-09-01,2026-09-29T18:52:09+00:00,0.006787829223591002,0.005188487070721504,fred
retail_sales_mom,2023-10-01,2026-09-29T18:52:09+00:00,-0.0047214764078484794,-0.0048890173686030325,fred
retail_sales_mom,2023-11-01,2026-09-29T18:52:09+00:00,-0.001195077446848214,-0.002090399287227762,fred
retail_sales_mom,2023-12-01,2026-09-29T18:52:09+00:00,0.001384738402633534,0.0008163032566599338,fred
retail_sales_mom,2024-01-01,2026-09-29T18:52:09+00:00,-0.008481997793893692,-0.009537260687624394,fred
retail_sales_mom,2024-02-01,2026-09-29T18:52:09+00:00,0.007089363603230758,0.006083844735559341,fred
retail_sales_mom,2024-03-01,2026-09-29T18:52:09+00:00,0.003445307027784228,-0.0004408527566839293,fred
retail_sales_mom,2024-04-01,2026-09-29T18:52:09+00:00,-5.671564086495717e-05,0.0007977986777616408,fred
retail_sales_mom,2024-05-01,2026-09-29T18:52:09+00:00,0.0075217931303281915,0.004212929678216959,fred
retail_sales_mom,2024-06-01,2026-09-29T18:52:09+00:00,-0.00046912846036373246,-0.002424890550415726,fred
retail_sales_mom,2024-07-01,2026-09-29T18:52:09+00:00,0.009222339840190497,0.011443757131703869,fred
retail_sales_mom,2024-08-01,2026-09-29T18:52:09+00:00,-0.0025699914858300366,-0.004444365275167672,fred
retail_sales_mom,2024-09-01,2026-09-29T18:52:09+00:00,0.00863079397279054,0.007957737658573327,fred
retail_sales_mom,2024-10-01,2026-09-29T18:52:09+00:00,0.007446074631429989,0.008584256033609128,fred
retail_sales_mom,2024-11-01,2026-09-29T18:52:09+00:00,0.005030425390729842,0.005721552108511441,fred
retail_sales_mom,2024-12-01,2026-09-29T18:52:09+00:00,0.007602693252680037,0.008874026737289542,fred
retail_sales_mom,2025-01-01,2026-09-29T18:52:09+00:00,-0.0083720800540944,-0.006845968597588348,fred
retail_sales_mom,2025-02-01,2026-09-29T18:52:09+00:00,0.00044287602283277216,-0.004782711212153901,fred
retail_sales_mom,2025-03-01,2026-09-29T18:52:09+00:00,0.016532340231177223,0.016055059288768714,fred
retail_sales_mom,2025-04-01,2026-09-29T18:52:09+00:00,-0.0012400824509669617,0.0010277078085643154,fred
retail_sales_mom,2025-05-01,2026-09-29T18:52:09+00:00,-0.010975275523848249,-0.01434438015483186,fred
retail_sales_mom,2025-06-01,2026-08-14T16:33:27+00:00,0.007908883393304311,0.0069571862233437365,fred
retail_sales_mom,2025-06-01,2026-09-29T18:52:09+00:00,0.0069571862233437365,0.009329120276357905,fred
retail_sales_mom,2025-07-01,2026-08-14T16:33:27+00:00,0.010501774595786495,0.010690995213236132,fred
retail_sales_mom,2025-07-01,2026-09-16T17:44:42+00:00,0.010690995213236132,0.01160970918046833,fred
retail_sales_mom,2025-07-01,2026-09-29T18:52:09+00:00,0.01160970918046833,0.00924578288525657,fred
retail_sales_mom,2025-08-01,2026-08-14T16:33:27+00:00,0.0054594648817483105,0.006221327436549018,fred
retail_sales_mom,2025-08-01,2026-09-16T17:44:42+00:00,0.006221327436549018,0.0030226547977088014,fred
retail_sales_mom,2025-08-01,2026-09-29T18:52:09+00:00,0.0030226547977088014,0.0027753909606460514,fred
retail_sales_mom,2025-09-01,2026-09-16T17:44:42+00:00,0.0006724067240673204,0.0029519051774087313,fred
retail_sales_mom,2025-09-01,2026-09-29T18:52:09+00:00,0.0029519051774087313,0.0017637364363669583,fred
retail_sales_mom,2025-10-01,2026-09-29T18:52:09+00:00,-0.0015583344259428866,-0.0009451809315805804,fred
retail_sales_mom,2025-11-01,2026-09-29T18:52:09+00:00,0.0050160659105862315,0.006653919148389642,fred
retail_sales_mom,2025-12-01,2026-09-29T18:52:09+00:00,-1.3610664227892144e-06,0.0011496159205504064,fred
retail_sales_mom,2026-01-01,2026-09-29T18:52:09+00:00,-0.0002912686109073359,-0.0062356286034683794,fred
retail_sales_mom,2026-02-01,2026-09-29T18:52:09+00:00,0.00922392420453022,0.00868976719003789,fred
retail_sales_mom,2026-03-01,2026-09-29T18:52:09+00:00,0.017179789498676712,0.01658429372322412,fred
retail_sales_mom,2026-04-01,2026-09-29T18:52:09+00:00,0.006742589318751824,0.005864943726552774,fred
retail_sales_mom,2026-05-01,2026-08-14T16:33:27+00:00,0.010247702204066123,0.009346631589902232,fred
retail_sales_mom,2026-05-01,2026-09-29T18:52:09+00:00,0.009346631589902232,0.010351958293791652,fred
retail_sales_mom,2026-06-01,2026-08-14T16:33:27+00:00,0.002186794214449339,0.002453693069100149,fred
retail_sales_mom,2026-06-01,2026-09-16T17:44:42+00:00,0.002453693069100149,0.0031258483513270097,fred
retail_sales_mom,2026-06-01,2026-09-29T18:52:09+00:00,0.0031258483513270097,0.0020275766835518017,fred
retail_sales_mom,2026-07-01,2026-09-16T17:44:42+00:00,-0.005819766896853373,-0.005366991635299634,fred
retail_sales_mom,2026-07-01,2026-09-29T18:52:09+00:00,-0.005366991635299634,-0.004584539731313231,fred
retail_sales_mom,2026-08-01,2026-09-29T18:52:09+00:00,0.012407418550562266,0.01127425850332675,fred
uom_sentiment,2026-07-01,2026-08-14T01:55:53+00:00,54.4,55.2,forexfactory
uom_sentiment,2026-07-01,2026-08-15T05:32:25+00:00,55.2,54.4,forexfactory
uom_sentiment,2026-07-01,2026-08-15T05:32:28+00:00,54.4,55.2,forexfactory
